run,phase,concurrency,objects,successes,hash_failures,wall_s,MiB_s,p95_ms
r1-c1,put,1,32,32,0,1.1726,109.1623,45.294
r1-c1,get,1,32,32,0,0.3525,363.073,25.155
r1-c4,put,4,32,32,0,1.43,89.5115,315.371
r1-c4,get,4,32,32,0,0.4163,307.5001,93.194
r2-c4,put,4,32,32,0,1.4721,86.9517,272.398
r2-c4,get,4,32,32,0,0.4007,319.4476,81.564
r2-c1,put,1,32,32,0,1.7494,73.1674,40.048
r2-c1,get,1,32,32,0,0.3479,367.8787,33.411
r3-c1,put,1,32,32,0,1.0587,120.8997,41.069
r3-c1,get,1,32,32,0,0.2975,430.2601,10.732
r3-c4,put,4,32,32,0,1.3326,96.0501,276.272
r3-c4,get,4,32,32,0,0.4451,287.5459,87.37
